\(1) - Copy.jpg,Level 3
\(1).jpg,Level 3
\(10) - Copy.jpg,Level 3
\(10).jpg,Level 3
\(11) - Copy.jpg,Level 3
\(11).jpg,Level 3
\(12) - Copy.jpg,Level 3
\(12).jpg,Level 3
\(13) - Copy - Copy.jpg,Level 2
\(13) - Copy.jpg,Level 2
\(13).jpg,Level 2
\(14) - Copy - Copy.jpg,Level 3
\(14) - Copy.jpg,Level 3
\(14).jpg,Level 3
\(15) - Copy.jpg,Level 3
\(15).jpg,Level 3
\(16) - Copy.jpg,Level 3
\(16).jpg,Level 3
\(17) - Copy.jpg,Level 2
\(18) - Copy.jpg,Level 3
\(2) - Copy.jpg,Level 3
\(2).jpg,Level 3
\(3) - Copy.jpg,Level 3
\(3).jpg,Level 3
\(4) - Copy.jpg,Level 2
\(4).jpg,Level 2
\(5) - Copy.jpg,Level 3
\(5).jpg,Level 3
\(6) - Copy.jpg,Level 3
\(6).jpg,Level 3
\(7) - Copy.jpg,Level 3
\(7).jpg,Level 3
\(8) - Copy.jpg,Level 2
\(8).jpg,Level 2
\(9) - Copy.jpg,Level 3
\(9).jpg,Level 3
